SOURCE,TABLE_NAME
DEPM,DEPM_DIM_ANALYSIS01
DEPM,DEPM_DIM_ANALYSIS02
DEPM,DEPM_DIM_ANALYSIS03
DEPM,DEPM_DIM_ANALYSIS04
DEPM,DEPM_DIM_ANALYSIS05
DEPM,DEPM_DIM_ACCOUNT
DEPM,DEPM_DIM_PROJECT
DEPM,DEPM_DIM_RCAT
DEPM,DEPM_DIM_RM100
DEPM,DEPM_DIM_WBS
DEPM,DEPM_DIM_ASSET
DEPM,DEPM_CUBE_LEDGER
DEPM,DEPM_P100
DEPM,DEPM_R100
DEPM,DEPM_R100REPORTING
DEPM,DEPM_P110
DEPM,DEPM_C100
DEPM,DEPM_DIM_ASSETBOOK
DEPM,DEPM_DIM_CM100
DEPM,DEPM_DIM_CAPEX_VERSION
DEPM,DEPM_DIM_FINANCIALYEAR
DEPM,DEPM_DIM_CAPEX_PERIOD
DEPM,DEPM_DIM_PM100
DEPM,DEPM_DIM_PM110
DEPM,DEPM_DIM_RID
DEPM,DEPM_DIM_RA
DEPM,DEPM_LABOUR
DEPM,DEPM_DIM_ANALYSIS06
DEPM,DEPM_DIM_ANALYSIS07
DEPM,DEPM_DIM_ANALYSIS08
DEPM,DEPM_DIM_ANALYSIS09
DEPM,DEPM_DIM_ANALYSIS10
DEPM,DEPM_DIM_CURRENCY
DEPM,DEPM_DIM_EMPLOYEETYPE
DEPM,DEPM_DIM_LABOURLINENO
DEPM,DEPM_DIM_LABOURMEAS
DEPM,DEPM_DIM_LABOURTRXTYPE
DEPM,DEPM_DIM_LDGTRXTYPE
DEPM,DEPM_DIM_LEDGERMEAS
DEPM,DEPM_DIM_MEASURE_TYPE
DEPM,DEPM_DIM_OPEX_PERIOD
DEPM,DEPM_DIM_POSITION
DEPM,DEPM_DIM_OPEX_VERSION
DEPM,DEPM_DIM_YEAR
DEPM,DEPM_AMP
DEPM,DEPM_DIM_AMP_BUSINESSAREA
DEPM,DEPM_DIM_AMP_CODES
DEPM,DEPM_DIM_AMP_EM_CODES
DEPM,DEPM_DIM_AMP_MEAS
DEPM,DEPM_DIM_AMP_PERIOD
DEPM,DEPM_DIM_AMP_PROJECT
DEPM,DEPM_DIM_AMP_VERSION
DEPM,DEPM_DIM_AMP_YEAR
EAM,EAM_R5ACDPARAMS
EAM,EAM_R5ACTCHECKLISTS
EAM,EAM_R5ACTIONCODES
EAM,EAM_R5ACTIVITIES
EAM,EAM_R5ACTSCHEDULES
EAM,EAM_R5ADDETAILS
EAM,EAM_R5ADDPROPERTIES
EAM,EAM_R5ADDRESS
EAM,EAM_R5ADJUSTMENTS
EAM,EAM_R5ALERTGENERATEWO
EAM,EAM_R5ALERTGRIDDATA
EAM,EAM_R5ALERTGRIDPARAMS
EAM,EAM_R5ALERTHISTORY
EAM,EAM_R5ALERTIONPULSE
EAM,EAM_R5ALERTMAIL
EAM,EAM_R5ALERTS
EAM,EAM_R5ALERTSQL
EAM,EAM_R5ALERTTEXTPARAMS
EAM,EAM_R5ALERTWO
EAM,EAM_R5ALERTWOFIELDMAPPING
EAM,EAM_R5ALLTEXTS
EAM,EAM_R5ASPECTPOINTS
EAM,EAM_R5ASPECTS
EAM,EAM_R5AUDATTRIBS
EAM,EAM_R5AUDITPK
EAM,EAM_R5AUDVALUES
EAM,EAM_R5AUTH
EAM,EAM_R5AVAILABILITY
EAM,EAM_R5BARESC
EAM,EAM_R5BINS
EAM,EAM_R5BINSTOCK
EAM,EAM_R5BOILERTEXTS
EAM,EAM_R5BOOKEDHOURS
EAM,EAM_R5CATALOGUE
EAM,EAM_R5CAUSES
EAM,EAM_R5CHARGEDEFSEQUENCE
EAM,EAM_R5CLASSES
EAM,EAM_R5CLOSINGCODEHIERARCHY
EAM,EAM_R5CODESTRUCTURE
EAM,EAM_R5COMPANIES
EAM,EAM_R5CONCLAUSES
EAM,EAM_R5CONFIGSETTINGS
EAM,EAM_R5CONNLOCK
EAM,EAM_R5CONPARTS
EAM,EAM_R5CONTACTCENTEROPTIONS
EAM,EAM_R5CONTRACTS
EAM,EAM_R5COSTCODES
EAM,EAM_R5CURRENCIES
EAM,EAM_R5CUSTOM
EAM,EAM_R5CUSTOMERREQUESTHISTORY
EAM,EAM_R5CUSTOMTEXTS
EAM,EAM_R5DDDATASPY
EAM,EAM_R5DDFIELD
EAM,EAM_R5DEFAULTPAGELAYOUT
EAM,EAM_R5DEPARTMENTSECURITY
EAM,EAM_R5DESCRIPTIONS
EAM,EAM_R5DEVICES
EAM,EAM_R5DOCENTITIES
EAM,EAM_R5DOCKLINES
EAM,EAM_R5DOCKRECEIPTS
EAM,EAM_R5DOCSIZES
EAM,EAM_R5DOCTYPES
EAM,EAM_R5DOCUMENTS
EAM,EAM_R5DRIVERCTRL
EAM,EAM_R5DSCHAVAIL
EAM,EAM_R5DUXLAYOUT
EAM,EAM_R5DWDATAMARTDIMENSIONS
EAM,EAM_R5DWDATAMARTS
EAM,EAM_R5DWDIMENSIONFIELDS
EAM,EAM_R5DWDIMENSIONS
EAM,EAM_R5DWETLDATAMARTS
EAM,EAM_R5DWFACTFIELDS
EAM,EAM_R5DWINDEXES
EAM,EAM_R5DWMETASTATUSES
EAM,EAM_R5EDITIONBACKREPS
EAM,EAM_R5EDITIONFILTERS
EAM,EAM_R5EDITIONUCODES
EAM,EAM_R5ELECARCHIVE
EAM,EAM_R5ELECMAPPING
EAM,EAM_R5ELECSIGN
EAM,EAM_R5ENTAPPHEADER
EAM,EAM_R5ENTITIES
EAM,EAM_R5ENTITYPARTS
EAM,EAM_R5ENTITYSAFETY
EAM,EAM_R5ENTITYTABLES
EAM,EAM_R5EQUIPMENTRANKINGHISTORY
EAM,EAM_R5EQUIPMENTRANKINGS
EAM,EAM_R5ERRSOURCE
EAM,EAM_R5ERRTEXTS
EAM,EAM_R5EVENTCOST
EAM,EAM_R5EVENTOBJECTS
EAM,EAM_R5EVENTPOINTS
EAM,EAM_R5EVENTS
EAM,EAM_R5EVENTS_LASTSTATUSUPDATE
EAM,EAM_R5EVTSYSTEMS
EAM,EAM_R5EXCHRATES
EAM,EAM_R5EXPORTINFO
EAM,EAM_R5EXTENSIBLEFRAMEWORK
EAM,EAM_R5EXTMENULANG
EAM,EAM_R5EXTMENUS
EAM,EAM_R5FAILURES
EAM,EAM_R5FIELDFILTERTYPE
EAM,EAM_R5FILTERTABCOLUMNS
EAM,EAM_R5FILTERTABLES
EAM,EAM_R5FINDINGS
EAM,EAM_R5FINDPROFILE
EAM,EAM_R5FIRSTACT
EAM,EAM_R5FLEXTABLES
EAM,EAM_R5FOREIGNENTITY
EAM,EAM_R5FUNCTIONS
EAM,EAM_R5FUNCTIONTABGRIDS
EAM,EAM_R5FUNCTIONTABS
EAM,EAM_R5FUNCUSERS
EAM,EAM_R5FUNCVIEWMAP
EAM,EAM_R5FUNNOPERM
EAM,EAM_R5FUTUREDUPLICATES
EAM,EAM_R5FUTUREEVENTS
EAM,EAM_R5GLREFERENCESCTRL
EAM,EAM_R5GRID
EAM,EAM_R5GRIDFIELD
EAM,EAM_R5GRIDPARAM
EAM,EAM_R5GROUPS
EAM,EAM_R5HAZARDPRECAUTIONS
EAM,EAM_R5HAZARDS
EAM,EAM_R5HELPTEXTS
EAM,EAM_R5HIDDENDATASPIES
EAM,EAM_R5HOME
EAM,EAM_R5HOMEGROUPS
EAM,EAM_R5HOMEUSERS
EAM,EAM_R5HYPERLINK
EAM,EAM_R5IESINTERESTCENTERS
EAM,EAM_R5IESREPOSITORIES
EAM,EAM_R5IESREPOSITORYCOLUMNS
EAM,EAM_R5IMPORTDATA
EAM,EAM_R5IMPORTDATASPYMAP
EAM,EAM_R5IMPORTDDFIELDMAP
EAM,EAM_R5IMPORTEXPORTGRPSTATUS
EAM,EAM_R5IMPORTEXPORTSTATUS
EAM,EAM_R5IMPORTGRIDMAP
EAM,EAM_R5IMPORTHEADERDATA
EAM,EAM_R5IMPORTMENUMAP
EAM,EAM_R5IMPORTMETADATA
EAM,EAM_R5INSTALL
EAM,EAM_R5IPFUNCTIONS
EAM,EAM_R5IPGROUPPERMISSIONS
EAM,EAM_R5IPPERMISSIONS
EAM,EAM_R5JOBPARAM
EAM,EAM_R5JOBPARAMVALUE
EAM,EAM_R5JOBS
EAM,EAM_R5JOBTYPEAUTH
EAM,EAM_R5JSPFIELDS
EAM,EAM_R5LABELFORMATS
EAM,EAM_R5LANGINST
EAM,EAM_R5LANGUAGES
EAM,EAM_R5LEVELS
EAM,EAM_R5LOCALE
EAM,EAM_R5LOCALEHOTKEYS
EAM,EAM_R5LOTS
EAM,EAM_R5MAILATTACHMENTMAPPING
EAM,EAM_R5MAILATTRIBS
EAM,EAM_R5MAILCONDITIONS
EAM,EAM_R5MAILEVENTS
EAM,EAM_R5MAILPARAMETERS
EAM,EAM_R5MAILTEMPLATE
EAM,EAM_R5MAILURLMAPPING
EAM,EAM_R5MANUFACTURERS
EAM,EAM_R5MAPSCONSENT
EAM,EAM_R5MOBILECONFIGS
EAM,EAM_R5MOBILEDBSYNC
EAM,EAM_R5MOBILELISTENTITIES
EAM,EAM_R5MOBILENOTEBOOKS
EAM,EAM_R5MOBILEPNREGISTRY
EAM,EAM_R5MOBILEQUERIES
EAM,EAM_R5MOBILESYNCDELETE
EAM,EAM_R5MOBILETABLEUPDATES
EAM,EAM_R5MOBILEUSERCONFIGS
EAM,EAM_R5MRCS
EAM,EAM_R5NONCONFORMITYSETUP
EAM,EAM_R5OBJECTASPECTS
EAM,EAM_R5OBJECTS
EAM,EAM_R5OBJECTSERVICECODES
EAM,EAM_R5OBJECTSURVEY
EAM,EAM_R5OBJECTUPDATE
EAM,EAM_R5OPSETTINGS
EAM,EAM_R5OPSYNCBLOCK
EAM,EAM_R5OPVARATTRIBUTES
EAM,EAM_R5OPVARIABLES
EAM,EAM_R5ORDERLINES
EAM,EAM_R5ORDERS
EAM,EAM_R5ORDREVISIONS
EAM,EAM_R5ORGANIZATION
EAM,EAM_R5ORGANIZATIONOPTIONS
EAM,EAM_R5ORGLOCATION
EAM,EAM_R5ORGTABCOLUMNS
EAM,EAM_R5ORGYEARS
EAM,EAM_R5ORLREVISIONS
EAM,EAM_R5PACKINGSLIP
EAM,EAM_R5PAGECACHE
EAM,EAM_R5PAGELAYOUT
EAM,EAM_R5PAGELAYOUT_BAK
EAM,EAM_R5PARTS
EAM,EAM_R5PASSWORDS
EAM,EAM_R5PERMISSIONS
EAM,EAM_R5PERSONNEL
EAM,EAM_R5PMFORECASTEQUIPLIST
EAM,EAM_R5PMFORECASTPARAMS
EAM,EAM_R5PMFORECASTPREVIEW
EAM,EAM_R5PMPLANSESSION
EAM,EAM_R5PMPSESSIONDATES
EAM,EAM_R5PMPSESSIONLINES
EAM,EAM_R5POINTS
EAM,EAM_R5POINTTYPES
EAM,EAM_R5PPMACTS
EAM,EAM_R5PPMOBJECTS
EAM,EAM_R5PPMPLAN
EAM,EAM_R5PPMS
EAM,EAM_R5PRECAUTIONS
EAM,EAM_R5PREFERENCES
EAM,EAM_R5PREFILTERLOOKUP
EAM,EAM_R5PRINTERTYPES
EAM,EAM_R5PROCESSLOCK
EAM,EAM_R5PRODUCTVERSION
EAM,EAM_R5PRODUCTVERSIONHISTORY
EAM,EAM_R5PROMPTWEBSERVICES
EAM,EAM_R5PROPERTIES
EAM,EAM_R5PROPERTYVALUES
EAM,EAM_R5QUERIES
EAM,EAM_R5QUERYFIELD
EAM,EAM_R5RCODES
EAM,EAM_R5RELIABILITYRANKINGANSWER
EAM,EAM_R5RELIABILITYRANKINGLEVELS
EAM,EAM_R5RELIABILITYRANKINGQUESTS
EAM,EAM_R5RELIABILITYRANKINGRANKS
EAM,EAM_R5RELIABILITYRANKINGS
EAM,EAM_R5REMEMBER
EAM,EAM_R5REPOPTIONS
EAM,EAM_R5REPORTFIELDS
EAM,EAM_R5REPORTFILTERS
EAM,EAM_R5REPORTFUNCTIONS
EAM,EAM_R5REPORTGROUPBY
EAM,EAM_R5REPORTSUBTOTAL
EAM,EAM_R5REPPARMS
EAM,EAM_R5REPPRINTFLAG
EAM,EAM_R5REQUIRCODES
EAM,EAM_R5REVCNTRLSETUP
EAM,EAM_R5ROLES
EAM,EAM_R5ROUTES
EAM,EAM_R5ROUTOBJECTS
EAM,EAM_R5SCHEDGROUPS
EAM,EAM_R5SCHEDULEDJOBS
EAM,EAM_R5SCHEDULEDJOBSLOCK
EAM,EAM_R5SCHEDULES
EAM,EAM_R5SCREENCACHE
EAM,EAM_R5SCWORKORDERCOST
EAM,EAM_R5SCWORKORDERSREPORTED
EAM,EAM_R5SEQINSTALLMAPPING
EAM,EAM_R5SERVICEPROBLEMCODES
EAM,EAM_R5SHFDAYS
EAM,EAM_R5SHFPERS
EAM,EAM_R5SHIFTS
EAM,EAM_R5SOAUOMS
EAM,EAM_R5STANDWACTS
EAM,EAM_R5STANDWORKS
EAM,EAM_R5STOCK
EAM,EAM_R5STORES
EAM,EAM_R5STRUCTURES
EAM,EAM_R5SYSTEMWSPS
EAM,EAM_R5TABNOPERM
EAM,EAM_R5TABPERMISSIONS
EAM,EAM_R5TASKCHECKLISTS
EAM,EAM_R5TASKPRICES
EAM,EAM_R5TASKS
EAM,EAM_R5TENANTSTATUS
EAM,EAM_R5TRACKINGCTRL
EAM,EAM_R5TRACKINGDATA
EAM,EAM_R5TRACKINGLOVS
EAM,EAM_R5TRACKINGPROMPTS
EAM,EAM_R5TRADERATES
EAM,EAM_R5TRADES
EAM,EAM_R5TRANSACTIONS
EAM,EAM_R5TRANSLINES
EAM,EAM_R5UCODES
EAM,EAM_R5UDFSCREENFIELDS
EAM,EAM_R5UDFSCREENS
EAM,EAM_R5UNAVAILABLEGRIDFIELDS
EAM,EAM_R5UOMS
EAM,EAM_R5URLPARAMETERS
EAM,EAM_R5USAGE
EAM,EAM_R5USEGRIDSYSDEFAULT
EAM,EAM_R5USERDEFINEDFIELDDEPENDENCIES
EAM,EAM_R5USERDEFINEDFIELDLOVVALS
EAM,EAM_R5USERDEFINEDFIELDSETUP
EAM,EAM_R5USERFUNCTIONDEFS
EAM,EAM_R5USERLINEARPREFERENCES
EAM,EAM_R5USERLPFTYPES
EAM,EAM_R5USEROBJECTS
EAM,EAM_R5USERORGANIZATION
EAM,EAM_R5USERPREFERENCES
EAM,EAM_R5USERS
EAM,EAM_R5USERTABCOLUMNS
EAM,EAM_R5USERVIEWS
EAM,EAM_R5VIOLATIONS
EAM,EAM_R5WARCOVERAGES
EAM,EAM_R5WEBSERVICEMAPPING
EAM,EAM_R5WOLABORSCHEDPARAMS
EAM,EAM_R5WORKPACKAGES
EAM,EAM_R5WORKSAFETY
EAM,EAM_R5WSDUP1
EAM,EAM_R5WSDUP2
EAM,EAM_R5WSEVENTS
EAM,EAM_R5WSPNOTALLOWED
EAM,EAM_R5WSPRETURNPROMPTS
EAM,EAM_R5WSPROMPTFIELDS
EAM,EAM_R5WSPROMPTS
EAM,EAM_R5WSREQHIST
EAM,EAM_R5WSREQUIREDFIELDS
EAM,EAM_R5WSRSPHIST
EAM,EAM_U5ADDRESS
EAM,EAM_U5ASSETCLASS
EAM,EAM_U5ASSETCLASS_ACTIVITY
EAM,EAM_U5ASSETSUBTYPES
EAM,EAM_U5ASTMAPPING
EAM,EAM_U5CICOMPLETEWORK
EAM,EAM_U5CIWORESULTS
EAM,EAM_U5CLAIMCONFIG
EAM,EAM_U5CLAIMSETUP
EAM,EAM_U5CONTRACTORS
EAM,EAM_U5DIMENSION3
EAM,EAM_U5GUMRUPD
EAM,EAM_U5JOBPRRESPTIME
EAM,EAM_U5MYFACILITIES
EAM,EAM_U5PMPRIORTIES
EAM,EAM_U5PUBLICHOLIDAYS
EAM,EAM_U5SERVICEPRODUCTCODES
EAM,EAM_U5SERVICEREQUEST
EAM,EAM_U5SPOTCODES
EAM,EAM_U5TASKTYPES
EAM,EAM_U5WAREHOUSES
EAM,EAM_U5WOCLAIMS
EAM,EAM_U5WSL_SCRIPTEXEC
IPS,IPS_ASSETMANAGEMENT_AGENCYDEFINED_AGENCYASSETCODE1
IPS,IPS_ASSETMANAGEMENT_AGENCYDEFINED_AGENCYASSETCODE2
IPS,IPS_ASSETMANAGEMENT_AGENCYDEFINED_AREA
IPS,IPS_ASSETMANAGEMENT_AGENCYDEFINED_CONDITION
IPS,IPS_ASSETMANAGEMENT_AGENCYDEFINED_DISTRICT
IPS,IPS_ASSETMANAGEMENT_AGENCYDEFINED_LOCATION
IPS,IPS_ASSETMANAGEMENT_AGENCYDEFINED_MATERIAL
IPS,IPS_ASSETMANAGEMENT_AGENCYDEFINED_OWNERSHIP
IPS,IPS_ASSETMANAGEMENT_AGENCYDEFINED_SERVICESTATUS
IPS,IPS_ASSETMANAGEMENT_AGENCYDEFINED_SUBAREA
IPS,IPS_ASSETMANAGEMENT_AGENCYDEFINED_UNITTYPE
IPS,IPS_ASSETMANAGEMENT_COMPADDR
IPS,IPS_ASSETMANAGEMENT_COMPLOC
IPS,IPS_ASSETMANAGEMENT_ASSLOC
IPS,IPS_ASSETMANAGEMENT_ACQUISTIONTYPE
IPS,IPS_ASSETMANAGEMENT_ASSETVALUATION_ASSVALJOURNALDETAILS
IPS,IPS_ASSETMANAGEMENT_ASSETVALUATION_ASSVALRUN
IPS,IPS_ASSETMANAGEMENT_ASSETVALUATION_CATEGORY
IPS,IPS_ASSETMANAGEMENT_ASSETVALUATION_CLASS
IPS,IPS_ASSETMANAGEMENT_ASSETVALUATION_REASON
IPS,IPS_ASSETMANAGEMENT_ASSETVALUATION_ASSVALH
IPS,IPS_ASSETMANAGEMENT_WATER_METERPROBLEMCODE
IPS,IPS_ASSETMANAGEMENT_WATER_METERREADERCODE
IPS,IPS_ASSETMANAGEMENT_WATER_METERREADINGREASON
IPS,IPS_ASSETMANAGEMENT_WATER_METERREADINGSOURCE
IPS,IPS_ASSETMANAGEMENT_WATER_WATERUNITOFMEASURE
IPS,IPS_INF_VALUATION_VALUATION_ASSVALRESERVE
IPS,IPS_INF_VALUATION_VALUATION_ASSVALRESERVEGD
IPS,IPS_WSLASSETS_XALLASSETSDP01
IPS,IPS_WSLASSETS_XALLASSETSDP02
IPS,IPS_WSLASSETS_XCPLXBUSINESSAREA
IPS,IPS_WSLASSETS_XUSAGEAREADP01
IPS,IPS_WSLASSETVALUATION_ASSETVALUATIONEXT
IPS,IPS_WSLCODES_UDCOMPTYPE
IPS,IPS_WSLCODESASSETSALL_DISPOSALREASON
IPS,IPS_ASSETMANAGEMENT_FLEET_FLEETAREA
IPS,IPS_ASSETMANAGEMENT_FLEET_FLEETDISTRICT
IPS,IPS_ASSETMANAGEMENT_FLEET_FLEETLOCATION
IPS,IPS_ASSETMANAGEMENT_FLEET_FLEETOWNERSHIP
IPS,IPS_ASSETMANAGEMENT_FLEET_FLEETSERVICESTATUS
IPS,IPS_ASSETMANAGEMENT_FLEET_FLEETSUBAREA
IPS,IPS_ASSETMANAGEMENT_PLANT_PLANTAREA
IPS,IPS_ASSETMANAGEMENT_PLANT_PLANTOWNERSHIP
IPS,IPS_ASSETMANAGEMENT_PLANT_PLANTSERVICESTATUS
IPS,IPS_ASSETMANAGEMENT_PLANT_PLANTSUBAREA
IPS,IPS_ASSETMANAGEMENT_SEWER_SEWERAREA
IPS,IPS_ASSETMANAGEMENT_SEWER_SEWERBACKFLOWTYPE
IPS,IPS_ASSETMANAGEMENT_SEWER_SEWERCONDITION
IPS,IPS_ASSETMANAGEMENT_SEWER_SEWERCONSTRUCTIONMATERIAL
IPS,IPS_ASSETMANAGEMENT_SEWER_SEWERDISTRICT
IPS,IPS_ASSETMANAGEMENT_SEWER_SEWERJOINTTYPE
IPS,IPS_ASSETMANAGEMENT_SEWER_SEWERLIFTSTATIONTYPE
IPS,IPS_ASSETMANAGEMENT_SEWER_SEWERLOCATION
IPS,IPS_ASSETMANAGEMENT_SEWER_SEWERMAINLINETYPE
IPS,IPS_ASSETMANAGEMENT_SEWER_SEWERMHCOVERTYPE
IPS,IPS_ASSETMANAGEMENT_SEWER_SEWERMHTYPE
IPS,IPS_ASSETMANAGEMENT_SEWER_SEWERMATERIAL
IPS,IPS_ASSETMANAGEMENT_SEWER_SEWERMISCTYPE
IPS,IPS_ASSETMANAGEMENT_SEWER_SEWERNODETYPE
IPS,IPS_ASSETMANAGEMENT_SEWER_SEWEROWNERSHIP
IPS,IPS_ASSETMANAGEMENT_SEWER_SEWERPIPESHAPE
IPS,IPS_ASSETMANAGEMENT_SEWER_SEWERPIPETYPE
IPS,IPS_ASSETMANAGEMENT_SEWER_SEWERLINETYPESERVICE
IPS,IPS_ASSETMANAGEMENT_SEWER_SEWERSERVICESTATUS
IPS,IPS_ASSETMANAGEMENT_SEWER_SEWERSUBAREA
IPS,IPS_ASSETMANAGEMENT_SEWER_SEWERSURFACECOVER
IPS,IPS_ASSETMANAGEMENT_SEWER_SEWERVALVESTATUS
IPS,IPS_ASSETMANAGEMENT_SEWER_SEWERVALVETYPE
IPS,IPS_ASSETMANAGEMENT_STORM_STORMAREA
IPS,IPS_ASSETMANAGEMENT_STORM_STORMCONDITION
IPS,IPS_ASSETMANAGEMENT_STORM_STORMCONTRUCTIONMATERIAL
IPS,IPS_ASSETMANAGEMENT_STORM_STORMDISTRICT
IPS,IPS_ASSETMANAGEMENT_STORM_STORMJOINTTYPE
IPS,IPS_ASSETMANAGEMENT_STORM_STORMLOCATION
IPS,IPS_ASSETMANAGEMENT_STORM_STORMMAINLINETYPE
IPS,IPS_ASSETMANAGEMENT_STORM_STORMMHCOVERTYPE
IPS,IPS_ASSETMANAGEMENT_STORM_STORMMHMATERIAL
IPS,IPS_ASSETMANAGEMENT_STORM_STORMMHTYPE
IPS,IPS_ASSETMANAGEMENT_STORM_STORMMISCTYPE
IPS,IPS_ASSETMANAGEMENT_STORM_STORMNODETYPE
IPS,IPS_ASSETMANAGEMENT_STORM_STORMOWNERSHIP
IPS,IPS_ASSETMANAGEMENT_STORM_STORMPIPESHAPE
IPS,IPS_ASSETMANAGEMENT_STORM_STORMPIPETYPE
IPS,IPS_ASSETMANAGEMENT_STORM_STORMSERVICELINETYPE
IPS,IPS_ASSETMANAGEMENT_STORM_STORMSERVICESTATUS
IPS,IPS_ASSETMANAGEMENT_STORM_STORMSUBAREA
IPS,IPS_ASSETMANAGEMENT_STORM_STORMSURFACECOVER
IPS,IPS_ASSETMANAGEMENT_STORM_STORMVALVESTATUS
IPS,IPS_ASSETMANAGEMENT_STORM_STORMVALVETYPE
IPS,IPS_ASSETMANAGEMENT_USAGEAREA_USAGEAREAAREA
IPS,IPS_ASSETMANAGEMENT_USAGEAREA_USAGEAREACPLXTYPE
IPS,IPS_ASSETMANAGEMENT_USAGEAREA_USAGEAREADISTRICT
IPS,IPS_ASSETMANAGEMENT_USAGEAREA_USAGEAREALOCATION
IPS,IPS_ASSETMANAGEMENT_USAGEAREA_USAGEAREAOWNERSHIP
IPS,IPS_ASSETMANAGEMENT_USAGEAREA_USAGEAREASERVICESTATUS
IPS,IPS_ASSETMANAGEMENT_USAGEAREA_USAGEAREASUBAREA
IPS,IPS_ASSETMANAGEMENT_USAGEAREA_USAGEAREA
IPS,IPS_ASSETMANAGEMENT_WATER_WATERAREA
IPS,IPS_ASSETMANAGEMENT_WATER_WATERBACKFLOWTYPE
IPS,IPS_ASSETMANAGEMENT_WATER_WATERCONDITION
IPS,IPS_ASSETMANAGEMENT_WATER_WATERCONSTRUCTIONMATERIAL
IPS,IPS_ASSETMANAGEMENT_WATER_WATERDISTRICT
IPS,IPS_ASSETMANAGEMENT_WATER_WATERHYDRANT
IPS,IPS_ASSETMANAGEMENT_WATER_WATERJOINTTYPE
IPS,IPS_ASSETMANAGEMENT_WATER_WATERLOCATION
IPS,IPS_ASSETMANAGEMENT_WATER_WMAFFC
IPS,IPS_ASSETMANAGEMENT_WATER_WATERMAINLINETYPE
IPS,IPS_ASSETMANAGEMENT_WATER_WATERMISCTYPE
IPS,IPS_ASSETMANAGEMENT_WATER_WATERNODETYPE
IPS,IPS_ASSETMANAGEMENT_WATER_WATEROWNERSHIP
IPS,IPS_ASSETMANAGEMENT_WATER_WATERPIPETYPE
IPS,IPS_ASSETMANAGEMENT_WATER_WATERRESPONSIBILITY
IPS,IPS_ASSETMANAGEMENT_WATER_WATERSERVICELINETYPE
IPS,IPS_ASSETMANAGEMENT_WATER_WATERSERVICESTATUS
IPS,IPS_ASSETMANAGEMENT_WATER_WATERSERVICETYPE
IPS,IPS_ASSETMANAGEMENT_WATER_WATERSUBAREA
IPS,IPS_ASSETMANAGEMENT_WATER_WATERSURFACECOVER
IPS,IPS_ASSETMANAGEMENT_WATER_WATERVALVESTATUS
IPS,IPS_ASSETMANAGEMENT_WATER_WATERVALVETYPE
IPS,IPS_METERMANAGEMENT_WATER_READINGCYCLE
IPS,IPS_METERMANAGEMENT_WATER_READINGIMPORTACTIVITY
IPS,IPS_METERMANAGEMENT_WATER_READINGIMPORTMETERDETAIL
IPS,IPS_METERMANAGEMENT_WATER_READINGIMPORTROUTE
IPS,IPS_METERMANAGEMENT_WATER_READINGIMPORTROUTEDETAIL
IPS,IPS_METERMANAGEMENT_WATER_READINGIMPORTSCHEDULE
IPS,IPS_METERMANAGEMENT_WATER_READINGIMPORTSETUP
IPS,IPS_METERMANAGEMENT_WATER_READINGREVIEWSETUP
IPS,IPS_METERMANAGEMENT_WATER_USGESTHIST
IPS,IPS_METERMANAGEMENT_WATER_USGESTRULEGRP
IPS,IPS_METERMANAGEMENT_WATER_USGESTSETUP
IPS,IPS_METERMANAGEMENT_WATER_WATERMETERANALYSIS
IPS,IPS_METERMANAGEMENT_WATER_WATERMETERREADINGBATCH
IPS,IPS_WSLASSETWATER_COVIDREADSSCHEDULE
IPS,IPS_WSLASSETWATER_DAILYAVERAGES
IPS,IPS_WSLASSETWATER_ESTREADINGREVIEWPARAMET
IPS,IPS_WSLASSETWATER_METERZEROCODES
IPS,IPS_WSLASSETWATER_MROSUBURB
IPS,IPS_WSLASSETWATER_READINGCALENDAR
IPS,IPS_WSLASSETWATER_READINGREVIEWPARAMETERS
IPS,IPS_WSLASSETWATER_RETAILAUDITFIELDNAME
IPS,IPS_WSLASSETWATER_XCUSTOMBATCHTASKSLOGS
IPS,IPS_WSLASSETWATER_XMETERACCOUNT
IPS,IPS_WSLASSETWATER_XMETERPROCESSRUNKEYS
IPS,IPS_WSLASSETWATER_XMETERSTREAM
IPS,IPS_WSLASSETWATER_XSRRETAILAUDITMETERDP
IPS,IPS_WSLASSETWATER_XSRRETAILAUDITMETERGD
IPS,IPS_WSLASSETWATER_XWATERMETERDETAIL
IPS,IPS_WSLASSETWATER_XWATERMETERDETAILGD
IPS,IPS_WSLWASTEWATERAUDIT_WASTEWATERAUDITPERCENT
IPS,IPS_WSLASSETWATER_FILLINGSTATION
IPS,IPS_WSLCODESASSETS_ANTENNAFEEDERTYPE
IPS,IPS_WSLCODESASSETS_CONSTMETHOD
IPS,IPS_WSLCODESASSETS_DAMCORETYPE
IPS,IPS_WSLCODESASSETS_DESIGNRESILIENCE
IPS,IPS_WSLCODESASSETS_ENERGYDISSIPATE
IPS,IPS_WSLCODESASSETS_EXTERNALCOATING
IPS,IPS_WSLCODESASSETS_FRAMESIZE
IPS,IPS_WSLCODESASSETS_FUNCOUTPUT
IPS,IPS_WSLCODESASSETS_INSULATIONCLASS
IPS,IPS_WSLCODESASSETS_INTERNALLINING
IPS,IPS_WSLCODESASSETS_IPRATING
IPS,IPS_WSLCODESASSETS_LIDTYPE
IPS,IPS_WSLCODESASSETS_MEDIA
IPS,IPS_WSLCODESASSETS_OVERFLOWTYPE
IPS,IPS_WSLCODESASSETS_QUAKEDESIGN
IPS,IPS_WSLCODESASSETS_RADIOPATHCOND
IPS,IPS_WSLCODESASSETS_SPILLWAYTYPE
IPS,IPS_WSLCODESASSETS_VEGETATION
IPS,IPS_WSLCODESASSETS_WHIPARIALTYPE
IPS,IPS_WSLCODESASSETSALL_BUSINESSAREA
IPS,IPS_WSLCODESASSETSALL_CONFINEDSPACE
IPS,IPS_WSLCODESASSETSALL_COSTCENTRE
IPS,IPS_WSLCODESASSETSALL_CRITICALITY
IPS,IPS_WSLCODESASSETSALL_DATARELIABILITY
IPS,IPS_WSLCODESASSETSALL_MAKE
IPS,IPS_WSLCODESASSETSALL_ZONECATCHMENT
IPS,IPS_WSLCODESASSETSSEWER_SEWERMAINTENANCEREGIONS
IPS,IPS_WSLCODESASSETSSTORM_STORMMAINTENANCEREGIONS
IPS,IPS_WSLCODESASSETSWATER_CONTRACTORPROJECTREF
IPS,IPS_WSLCODESASSETSWATER_WATERMAINTENANCEREGIONS
IPS,IPS_ASSETMANAGEMENT_AGENCYDEFINED_COMPAGENCYSIMPLE
IPS,IPS_ASSETMANAGEMENT_COMP
IPS,IPS_ASSETMANAGEMENT_ASSETGRP
IPS,IPS_ASSETMANAGEMENT_GRPCOMP
IPS,IPS_ASSETMANAGEMENT_COMPTYPE
IPS,IPS_ASSETMANAGEMENT_ASSLOC
IPS,IPS_ASSETMANAGEMENT_ASSETVALUATION_ASSVALUE
IPS,IPS_ASSETMANAGEMENT_ASSETVALUATION_ASSVALBOOK
IPS,IPS_ASSETMANAGEMENT_ASSETVALUATION_ASSVALGRP
IPS,IPS_ASSETMANAGEMENT_ASSETVALUATION_ASSVALGRPASSVALUE
IPS,IPS_ASSETMANAGEMENT_ASSETVALUATION_ASSVALMOVEMENT
IPS,IPS_ASSETMANAGEMENT_ASSETVALUATION_ASSREVAL
IPS,IPS_ASSETMANAGEMENT_ASSETVALUATION_ASSDEPRE
IPS,IPS_ASSETMANAGEMENT_FLEET_COMPVEH
IPS,IPS_ASSETMANAGEMENT_FLEET_FLEETVEHICLETYPE
IPS,IPS_ASSETMANAGEMENT_PLANT_COMPPEQ
IPS,IPS_ASSETMANAGEMENT_PLANT_PLANTEQUIPMENTTYPE
IPS,IPS_ASSETMANAGEMENT_PLANT_COMPPMS
IPS,IPS_ASSETMANAGEMENT_PLANT_PLANTMISCTYPE
IPS,IPS_ASSETMANAGEMENT_SEWER_COMPLS
IPS,IPS_ASSETMANAGEMENT_SEWER_COMPSMN
IPS,IPS_ASSETMANAGEMENT_SEWER_COMPSMH
IPS,IPS_ASSETMANAGEMENT_SEWER_COMPSMTR
IPS,IPS_ASSETMANAGEMENT_SEWER_COMPSMS
IPS,IPS_ASSETMANAGEMENT_SEWER_COMPSND
IPS,IPS_ASSETMANAGEMENT_SEWER_COMPSSL
IPS,IPS_ASSETMANAGEMENT_SEWER_COMPSV
IPS,IPS_ASSETMANAGEMENT_STORM_COMPSTMN
IPS,IPS_ASSETMANAGEMENT_STORM_COMPSTMH
IPS,IPS_ASSETMANAGEMENT_STORM_COMPSTMS
IPS,IPS_ASSETMANAGEMENT_STORM_COMPSTND
IPS,IPS_ASSETMANAGEMENT_STORM_COMPSTSL
IPS,IPS_ASSETMANAGEMENT_STORM_COMPSTV
IPS,IPS_ASSETMANAGEMENT_ASSUSGAREA
IPS,IPS_ASSETMANAGEMENT_USAGEAREA_COMPCPLX
IPS,IPS_ASSETMANAGEMENT_USAGEAREA_COMPAREA
IPS,IPS_ASSETMANAGEMENT_WATER_COMPWBF
IPS,IPS_ASSETMANAGEMENT_WATER_COMPHY
IPS,IPS_ASSETMANAGEMENT_WATER_COMPWMN
IPS,IPS_ASSETMANAGEMENT_WATER_COMPWMS
IPS,IPS_ASSETMANAGEMENT_WATER_COMPWND
IPS,IPS_ASSETMANAGEMENT_WATER_COMPWSL
IPS,IPS_ASSETMANAGEMENT_WATER_COMPWV
IPS,IPS_ASSETMANAGEMENT_WATER_METERREADING
IPS,IPS_ASSETMANAGEMENT_WATER_COMPWMTR
IPS,IPS_ASSETMANAGEMENT_WATER_WATERMETERTYPE
IPS,IPS_BILLING_ACCOUNTSERVICEPOSITION
IPS,IPS_BILLING_SERVICEOPTIONS
IPS,IPS_BILLING_WATERTRACKEDREADING
IPS,IPS_METERMANAGEMENT_WATER_ROUTE
IPS,IPS_METERMANAGEMENT_WATER_RTADDR
IPS,IPS_ASSETMANAGEMENT_BUILDING_BLDGFLOR
IPS,IPS_BILLING_ACCOUNTACTIVITY
IPS,IPS_BILLING_ACCOUNTALERT
IPS,IPS_BILLING_ACCOUNTCONTACTCAPACITY
IPS,IPS_BILLING_ACCTCNTCINTERNAL
IPS,IPS_BILLING_ACCOUNTDELINQUENCY
IPS,IPS_BILLING_ACCOUNTDIRECTDEBIT
IPS,IPS_BILLING_ACCOUNTDIRECTDEBITHISTORY
IPS,IPS_BILLING_ACCTHISTUSAGEDETAIL
IPS,IPS_BILLING_ACCOUNTNUMBER
IPS,IPS_BILLING_ACCTNOGENSEG
IPS,IPS_BILLING_ACCTNOGENSETUP
IPS,IPS_BILLING_ACCTPAGEGRPLAYOUT
IPS,IPS_BILLING_ACCTPAGEGRPSU
IPS,IPS_BILLING_ACCTPAGEQLINKLAYOUT
IPS,IPS_BILLING_ACCTPAGEQLINKSU
IPS,IPS_BILLING_ACCOUNTROLE
IPS,IPS_BILLING_ACCOUNTSERVICE
IPS,IPS_BILLING_ACCOUNTTYPESETUPDETAIL
IPS,IPS_BILLING_ACCTTYPESERVDEFLINK
IPS,IPS_BILLING_ADDRESSACCOUNTFIELDS
IPS,IPS_BILLING_ADDRESSSERVICE
IPS,IPS_BILLING_ADDRESSSERVICEPOSITION
IPS,IPS_BILLING_ADDRTEMPL
IPS,IPS_BILLING_ADDRTEMPLSERVICE
IPS,IPS_BILLING_AGINGBLOCKSSU
IPS,IPS_BILLING_APPROVALLEVELSETUP
IPS,IPS_BILLING_APPROVALLINK
IPS,IPS_BILLING_CHARCONSVAL8
IPS,IPS_BILLING_CLOSEACCOUNTSRUN
IPS,IPS_BILLING_CREATENEWOWNERACCOUNTSETUP
IPS,IPS_BILLING_CYCLE
IPS,IPS_BILLING_DELINQUENCYSETUP
IPS,IPS_BILLING_DELINQUENCYSETUPBILLTYPE
IPS,IPS_BILLING_DIRECTDEBITSETUP
IPS,IPS_BILLING_EXTERNALACCOUNT
IPS,IPS_BILLING_FEATURESWITCHES
IPS,IPS_BILLING_FINALIZEMOVEINRUN
IPS,IPS_BILLING_FINALIZEMOVEOUTRUN
IPS,IPS_BILLING_JOURNALSETUP
IPS,IPS_BILLING_MAILTOCONFIGURATION
IPS,IPS_BILLING_MAPCUSTOMTABSETUP
IPS,IPS_BILLING_MAPDEFAULTPREFERENCES
IPS,IPS_BILLING_MOVEINREADINGRULE
IPS,IPS_BILLING_MOVEINSETUP
IPS,IPS_BILLING_MOVEOUTREADINGRULE
IPS,IPS_BILLING_MOVEOUTSETUP
IPS,IPS_BILLING_PENALTYEXEMPT
IPS,IPS_BILLING_RECONCILERUN
IPS,IPS_BILLING_RESPONSIBLEPARTYLOG
IPS,IPS_BILLING_SENDCOPIESTO
IPS,IPS_BILLING_SERVICEAREA
IPS,IPS_BILLING_SERVICECLASS
IPS,IPS_BILLING_SERVICEDEFINITION
IPS,IPS_BILLING_SERVICEFIELD
IPS,IPS_BILLING_SERVICESTATUS
IPS,IPS_WSLBILLING_ACCOUNTAUTHGD
IPS,IPS_WSLBILLING_ACCOUNTEXTN
IPS,IPS_WSLBILLING_AUCKLANDCOUNCILENTITY
IPS,IPS_WSLBILLING_BILLINGSRALLOCATIONRULE
IPS,IPS_WSLBILLING_DELIVERYMETHOD
IPS,IPS_WSLBILLING_EXTERNALACCOUNTTYPE
IPS,IPS_WSLBILLING_MIGBALANCE
IPS,IPS_WSLBILLING_MIGINDEX
IPS,IPS_WSLBILLING_MIGSERVICES
IPS,IPS_WSLBILLING_OWNERRELATIONSHIP
IPS,IPS_WSLBILLING_PROPERTYRELATIONSHIP
IPS,IPS_WSLBILLING_BILLOUTPUTEXT
IPS,IPS_WSLBILLOUTPUT_BILLOUTPUTGRAPHDATA
IPS,IPS_WSLBILLOUTPUT_BILLOUTPUTPRINTHSECODES
IPS,IPS_WSLCODES_BILLMETHOD
IPS,IPS_WSLCODES_CDRRELATIOSHIP2PROP
IPS,IPS_WSLCODES_DISCONNECTIONREASON
IPS,IPS_WSLCODES_FEECODES
IPS,IPS_WSLCODES_LANDLINETYPE
IPS,IPS_WSLCODES_MOBILE
IPS,IPS_WSLCODES_PHONEAREACODE
IPS,IPS_WSLCODES_PLANALERTS
IPS,IPS_WSLCODES_POSTCODE
IPS,IPS_WSLCODES_PROPOSETIMELINECATEGORY
IPS,IPS_WSLCODES_PTIMELINESTATUS
IPS,IPS_WSLCODES_RELOCATIONTYPE
IPS,IPS_WSLCODES_REVIEWTYPE
IPS,IPS_WSLDIRECTDEBIT_DIRECTDEBITLETTER
IPS,IPS_WSLDIRECTDEBIT_LOADIVRCCACCOUNTS
IPS,IPS_WSLPORTAL_CUSTWEBUSR
IPS,IPS_WSLPORTAL_XPORTALSR
IPS,IPS_WSLPORTAL_XSUBURBS
IPS,IPS_WSLPORTAL_XWRDD
IPS,IPS_WSLTRADEBILLOUTPUT_LOADTRADEONEOFFCHARGES
IPS,IPS_WSLTRADEBILLOUTPUT_TRADEBILLOUTPUTEXT
IPS,IPS_WSLTRADEBILLOUTPUT_TRADEBILLOUTPUTPRINTHSE
IPS,IPS_WSLTRADEBILLOUTPUT_TRADEBILLOUTPUTTASKLOG
IPS,IPS_BILLING_LOG
IPS,IPS_BILLING_LOGTYPE
IPS,IPS_BILLING_ADJUSTMENTAPPROVAL
IPS,IPS_BILLING_BILLINGSTATUS
IPS,IPS_BILLING_BILLPRINTEXCEPTION
IPS,IPS_BILLING_BILLRUNACTIVITY
IPS,IPS_BILLING_BILLRUNSCHEDULE
IPS,IPS_BILLING_BILLTYPEDIRECTDEBITSETUP
IPS,IPS_BILLING_BILLTYPELINEITEMSETUP
IPS,IPS_BILLING_BILLTYPEWRITEOFF
IPS,IPS_BILLING_LINEITEMGROUP
IPS,IPS_BILLING_LINEITEMRATE
IPS,IPS_BILLING_LINEITEMTRACKEDREAD
IPS,IPS_CDR_FEETYPELINEITEMSETUP
IPS,IPS_WSLCONSOLIDATEDOUTPUT_CONSOLIDATEDCODE
IPS,IPS_WSLINTERFACE_CONNECTIONSSTAGING
IPS,IPS_WSLINTERFACE_DOCUMENTDETAILS
IPS,IPS_WSLINTERFACE_ENCRYPTEDDATA
IPS,IPS_WSLINTERFACE_NONDOMESTICCONSTAGING
IPS,IPS_WSLINTERFACE_NONDOMMULTIPLESERVICES
IPS,IPS_WSLINTERFACE_NOTIFICATIONSTAGING
IPS,IPS_WSLINTERFACE_QUOTEFEELINEITEMS
IPS,IPS_WSLINTERFACE_QUOTEGENERATIONSTAGING
IPS,IPS_WSLINTERFACE_WSLCUSTOMERALERTS
IPS,IPS_CORE_CORRESPONDENCE_BILLOUTPUT
IPS,IPS_CORE_CORRESPONDENCE_BILLOUTPUTADJ
IPS,IPS_CORE_CORRESPONDENCE_BILLOUTPUTGRAPH
IPS,IPS_CORE_CORRESPONDENCE_BILLOUTPUTLINEITEM
IPS,IPS_CORE_CORRESPONDENCE_BILLOUTPUTMETER
IPS,IPS_CORE_CORRESPONDENCE_BILLOUTPUTPA
IPS,IPS_CORE_CORRESPONDENCE_CORRPROCESSSETUP
IPS,IPS_CORE_CORRESPONDENCE_CORRSCHEDULE
IPS,IPS_BILLING_DELINQUENCYEXEMPTION
IPS,IPS_BILLING_DELINQUENCYGROUP
IPS,IPS_BILLING_DELINQUENCYMILESTONE
IPS,IPS_BILLING_DELINQUENCYMSCREDITRATE
IPS,IPS_BILLING_DELINQUENCYMSNOTICE
IPS,IPS_BILLING_DELINQUENCYMSONEOFFCHARGE
IPS,IPS_BILLING_DELINQUENCYRESOLUTION
IPS,IPS_BILLING_DELINQUENCYRUN
IPS,IPS_BILLING_DELINQUENCYSCHEME
IPS,IPS_WSLDELINQUENCY_DELEXEMPTENTITYCODES
IPS,IPS_BILLING_ARRANGEMENTSTATUSHISTORY
IPS,IPS_BILLING_ARRANGEMENTTEMPLATE
IPS,IPS_BILLING_ARRANGEMENTTRANSACTION
IPS,IPS_BILLING_BANKROUTINGTABLE
IPS,IPS_BILLING_DIRECTDEBITRUN
IPS,IPS_BILLING_DIRECTDEBITRUNACTIVITY
IPS,IPS_BILLING_NSFIMPORTACTIVITYDETAILS
IPS,IPS_BILLING_PAYMENTARRANGMENT
IPS,IPS_BILLING_PAYMENTARRANGEMENTREVIEW
IPS,IPS_BILLING_PAYRES
IPS,IPS_BILLING_PAYMENTREVERSALREASON
IPS,IPS_WSLBILLING_LOADPAYMENT
IPS,IPS_WSLDIRECTDEBIT_DIRECTDEBITEXT
IPS,IPS_BILLING_REFUNDAPPROVAL
IPS,IPS_BILLING_ACCOUNT
IPS,IPS_BILLING_ACCTCNTC
IPS,IPS_BILLING_ACCTGROUP
IPS,IPS_BILLING_ACCOUNTTYPESETUP
IPS,IPS_BILLING_BUSINESSTYPE
IPS,IPS_BILLING_CLASS
IPS,IPS_BILLING_RESPONSIBLEPARTY
IPS,IPS_BILLING_SENDBILLTO
IPS,IPS_BILLING_SENDNOTICESTO
IPS,IPS_BILLING_SUBGROUP
IPS,IPS_BILLING_ADJUSTMENT
IPS,IPS_BILLING_ADJUSTMENTREASON
IPS,IPS_BILLING_ACCTTRAN
IPS,IPS_BILLING_BILL
IPS,IPS_BILLING_BILLRUN
IPS,IPS_BILLING_BILLTYPE
IPS,IPS_BILLING_COMMENTS
IPS,IPS_BILLING_LINEITEM
IPS,IPS_BILLING_LINEITEMSETUP
IPS,IPS_BILLING_ONEOFFCHARGE
IPS,IPS_BILLING_DELINQUENCYHISTORY
IPS,IPS_BILLING_PAYBATCHSRC
IPS,IPS_BILLING_PAYMENT
IPS,IPS_BILLING_PAYBATCH
IPS,IPS_BILLING_PAYSRC
IPS,IPS_BILLING_PAYSPECIFICBILL
IPS,IPS_BILLING_REFUND
IPS,IPS_BILLING_REFUNDITEM
IPS,IPS_BILLING_REFUNDPAYMENT
IPS,IPS_BILLING_REFUNDREASON
IPS,IPS_CASHIERING_CASHIERINGSETUP
IPS,IPS_CASHIERING_CHARGEGROUP
IPS,IPS_CASHIERING_DRAWERGENERATION
IPS,IPS_CASHIERING_MERCHANTACCOUNT
IPS,IPS_CASHIERING_MERCHANTACCOUNTCUSTPROP
IPS,IPS_CASHIERING_PAYMENTPROCESSING
IPS,IPS_CASHIERING_REGISTERTENDERSETUP
IPS,IPS_CASHIERING_CHARGE
IPS,IPS_CASHIERING_DRAWERTRANSACTION
IPS,IPS_CASHIERING_INTERNALCHARGE
IPS,IPS_CASHIERING_PAYMENTDISTRIBUTION
IPS,IPS_CASHIERING_PAYMENTSERVERTRANSACTION
IPS,IPS_CASHIERING_PAYSERVERTRANCUSTPROP
IPS,IPS_CASHIERING_REGISTERTRANSACTION
IPS,IPS_CASHIERING_CASHREGISTER
IPS,IPS_CASHIERING_CHARGESETUP
IPS,IPS_CASHIERING_DRAWERBATCHGROUP
IPS,IPS_CASHIERING_REGISTERGROUPSETUP
IPS,IPS_CASHIERING_VOIDREASON
IPS,IPS_CASHIERING_CASHDRAWER
IPS,IPS_CASHIERING_REGISTERLOG
IPS,IPS_CDR_BUILDING_BLDGAPLCAPACITY
IPS,IPS_CDR_BUILDING_APPDETAILTYPECONSTRAINT
IPS,IPS_CDR_BUILDING_BLDGAPPLTYPECAT
IPS,IPS_CDR_BUILDING_BLDGAPPLTYPEGRPLINK
IPS,IPS_CDR_BUILDING_BLDGAPPLWORKGRPLINK
IPS,IPS_CDR_BUILDING_BLDGOUTLINE
IPS,IPS_CDR_BUILDING_BLDGCODEVIOLGROUP
IPS,IPS_CDR_BUILDING_BLDGCODEVIOLSTATUS
IPS,IPS_CDR_BUILDING_BLDGCONDAPPROVAL
IPS,IPS_CDR_BUILDING_BLDGCONSTRAINTS
IPS,IPS_CDR_BUILDING_BLDGEMPCAPACITY
IPS,IPS_CDR_BUILDING_BLDGFEETYPE
IPS,IPS_CDR_BUILDING_BLDGFILTERGRP
IPS,IPS_CDR_BUILDING_BLDGINSPRESULT
IPS,IPS_CDR_BUILDING_BLDGLOGLINK
IPS,IPS_CDR_BUILDING_BLDGOCCTYPEGRPLINK
IPS,IPS_CDR_BUILDING_BLDGPROBRES
IPS,IPS_CDR_BUILDING_BLDGPROCSTATECHKCOND
IPS,IPS_CDR_BUILDING_BLDGPROCSTATECHKFEE
IPS,IPS_CDR_BUILDING_BLDGPROCSTATECHKINSP
IPS,IPS_CDR_BUILDING_BLDGPROCSTATECHKREVIEW
IPS,IPS_CDR_BUILDING_BLDGPROCSTATECHECK
IPS,IPS_CDR_BUILDING_BLDGREVIEWRESULT
IPS,IPS_CDR_BUILDING_BLDGREVRESGRPLINK
IPS,IPS_CDR_BUILDING_BLDGREVIEWTYPECODEVIOLGRP
IPS,IPS_CDR_BUILDING_BLDGREVTYPEGRPLINK
IPS,IPS_CDR_BUILDING_BLDGSTATUSCODE
IPS,IPS_CDR_BUILDING_BLDGSTATUSLINK
IPS,IPS_CDR_BUILDING_BLDGWORKTYPEGRPLINK
IPS,IPS_WSLCDRBUILD_FEECODESMASTER
IPS,IPS_WSLCDRBUILD_FEESDOMCODE
IPS,IPS_WSLCDRBUILD_FEESLOWPRESSCODE
IPS,IPS_WSLCDRBUILD_FEESNONDOMCODES
IPS,IPS_WSLCDRBUILD_FEESWORKSOVERCODES
IPS,IPS_WSLCDRBUILD_FINALNETAUTH
IPS,IPS_WSLCDRBUILD_IGCZONES
IPS,IPS_WSLCDRBUILD_QUOTEITEM
IPS,IPS_WSLCDRBUILD_SHAREDTO1REASON
IPS,IPS_WSLCDRBUILD_WASTEWATERCONTYPE
IPS,IPS_WSLCDRBUILD_XADDRESSDP
IPS,IPS_WSLCDRBUILD_XBUILDAPPCR
IPS,IPS_WSLCDRBUILD_XBUILDAPPESTDP
IPS,IPS_WSLCDRBUILD_XBUILDAPPESTGD
IPS,IPS_WSLCDRBUILD_XBUILDAPPQUEUECR
IPS,IPS_WSLCDRBUILD_XBUILDAPPRESUBMITDP
IPS,IPS_WSLCDRBUILD_XBUILDAPPRESUBMITGRID
IPS,IPS_WSLCDRBUILD_XBUILDCONTCOSTDP
IPS,IPS_WSLCDRBUILD_XBUILDCONTCOSTGD
IPS,IPS_WSLCDRBUILD_XBUILDDOMESTICDP
IPS,IPS_WSLCDRBUILD_XBUILDDPWORKOVER
IPS,IPS_WSLCDRBUILD_XBUILDFEESDP
IPS,IPS_WSLCDRBUILD_XBUILDFEESGD
IPS,IPS_WSLCDRBUILD_XBUILDINSPINSTALLDP
IPS,IPS_WSLCDRBUILD_XBUILDINSPINSTWORKGD
IPS,IPS_WSLCDRBUILD_XBUILDINSPMETERDP
IPS,IPS_WSLCDRBUILD_XBUILDINSPMETERESTGD
IPS,IPS_WSLCDRBUILD_XBUILDLARGEFILESDP
IPS,IPS_WSLCDRBUILD_XBUILDLARGEFILESGD
IPS,IPS_WSLCDRBUILD_XBUILDLOWFLOWDP
IPS,IPS_WSLCDRBUILD_XBUILDMULCONNECTIONS
IPS,IPS_WSLCDRBUILD_XBUILDNONDOMDP
IPS,IPS_WSLCDRBUILD_XBUILDPREQUOTEGD
IPS,IPS_WSLCDRBUILD_XBUILDREVWCR
IPS,IPS_WSLCDRBUILD_XBUILDWOINSP
IPS,IPS_WSLCDRBUILD_XCDRBUILDQUOTEACCEPTDP
IPS,IPS_WSLCDRBUILD_XCDRBUILDQUOTEGD
IPS,IPS_WSLCDRBUILD_XCDRINITIALREVIEWDP
IPS,IPS_WSLCDRBUILD_XMDADDRESSGD
IPS,IPS_WSLCODES_CONNCHARGEITEMS
IPS,IPS_WSLCODES_CONNWORKITEMS
IPS,IPS_WSLCODES_EMPLOYEEREGION
IPS,IPS_WSLCODES_MAGFLOWPOWERTYPE
IPS,IPS_WSLCODES_METERBOXSIZE
IPS,IPS_WSLCODES_METERBOXTYPE
IPS,IPS_WSLCODES_WASTEWATERPRICEPLAN
IPS,IPS_WSLCODES_WASTEWATERCONNSIZE
IPS,IPS_WSLCODES_WATERMAINLOC
IPS,IPS_WSLCODES_WATERMETERSIZE
IPS,IPS_WSLCODES_WORKTYPE
IPS,IPS_WSLCODES_YESNO
IPS,IPS_WSLCODES_YESNOUNSURE
IPS,IPS_WSLCODES_DRAWINGNO
IPS,IPS_CDR_FEEGROUP
IPS,IPS_CDR_PLANCOPYLOCATION
IPS,IPS_CDR_RELATIONCAPACITY
IPS,IPS_CDR_APSUSYS
IPS,IPS_CDR_BUSINESSLICENSE_LICCODEVIOLSTATUS
IPS,IPS_CDR_BUSINESSLICENSE_LICPROBRES
IPS,IPS_CDR_BUSINESSLICENSE_LICSTATUSCODE
IPS,IPS_CDR_CODEENFORCEMENT_CASECODEVIOLSTATUS
IPS,IPS_CDR_CODEENFORCEMENT_CASESTATUSCODE
IPS,IPS_CDR_TRADELICENSE_TRADECODEVIOLSTATUS
IPS,IPS_CDR_TRADELICENSE_TRADEREVIEWPROBRES
IPS,IPS_CDR_TRADELICENSE_TRADESTATUSCODE
IPS,IPS_CDR_USE_USECODEVIOLSTATUS
IPS,IPS_CDR_USE_USEPROBRES
IPS,IPS_CDR_USE_USESTATUSCODE
IPS,IPS_WSLCDR_ACCOUNTREADYTOBILL
IPS,IPS_WSLCDR_CDRBILLOUTPUTEXT
IPS,IPS_WSLCDR_CDRBILLOUTPUTLINEITEMEX
IPS,IPS_WSLCDR_DEVELOPERCODES
IPS,IPS_WSLCDR_DEVELOPMENTAREACODES
IPS,IPS_WSLCODES_ACTIONRESPONSIBILITY
IPS,IPS_WSLCODES_ACTIONTYPE
IPS,IPS_WSLCODES_APPFEECODES
IPS,IPS_WSLCODES_APPLICANTS
IPS,IPS_WSLCODES_APPLICATIONCAPACITY
IPS,IPS_WSLCODES_APPLICATIONROLE
IPS,IPS_WSLCODES_AUDITACCOUNTFIELDS
IPS,IPS_WSLCODES_COUNTRY
IPS,IPS_CDR_PLANNING_PLANAPLCAPACITY
IPS,IPS_CDR_PLANNING_PLANPROCESSSTATE
IPS,IPS_CDR_PLANNING_PLANCODEVIOLSTATUS
IPS,IPS_CDR_PLANNING_PLANCONSTRAINTS
IPS,IPS_CDR_PLANNING_PLANDEPTCODE
IPS,IPS_CDR_PLANNING_PLANEMPCAPACITY
IPS,IPS_CDR_PLANNING_PLANPLCONDINHERITRULE
IPS,IPS_CDR_PLANNING_PLANPLCONDTYPE
IPS,IPS_CDR_PLANNING_PLANPLCONDTYPECAT
IPS,IPS_CDR_PLANNING_PLANPROBRES
IPS,IPS_CDR_PLANNING_PLANREVIEWRESULT
IPS,IPS_CDR_PLANNING_PLANNINGSTATUSCODE
IPS,IPS_CDR_PLANNING_PLANSTATUSLINK
IPS,IPS_CDR_PLANNING_PLANSUPOVR
IPS,IPS_WSLCDRPLAN_XPLANALERTCR
IPS,IPS_WSLCDRPLAN_XPLANALERTGD
IPS,IPS_WSLCDRPLAN_XPLANAPTIMELINEDP
IPS,IPS_WSLCDRPLAN_XPLANAPTIMELINEGD
IPS,IPS_WSLCDRPLAN_XPLANCR
IPS,IPS_WSLCDRPLAN_XPLANDPACTIONLIST
IPS,IPS_WSLCDRPLAN_XPLANDPACTIONLISTGD
IPS,IPS_WSLCDRPLAN_XPLANDPPROPINTAKE
IPS,IPS_WSLCDRPLAN_XPLANDPPROPINTAKEGD
IPS,IPS_WSLCDRPLAN_XPLANDPTASKDETAILSGD
IPS,IPS_WSLCDRPLAN_XPLANEXPEMPLOYEEDP
IPS,IPS_WSLCDRPLAN_XPLANEXPEMPLOYEEGD
IPS,IPS_WSLCDRPLAN_XPLANREVIEWCR
IPS,IPS_WSLCODES_ACTIONSTATUS
IPS,IPS_WSLCODES_ZONE
IPS,IPS_CDR_PROJECT_PROJAPLCAPACITY
IPS,IPS_CDR_PROJECT_PROJAPPLDETAILTYPECONSTRAINT
IPS,IPS_CDR_PROJECT_PROJAPPLTYPEGRPLINK
IPS,IPS_CDR_PROJECT_PROJCODEVIOLGRP
IPS,IPS_CDR_PROJECT_PROJCODEVIOLSTATUS
IPS,IPS_CDR_PROJECT_PROJCONDAPPROVAL
IPS,IPS_CDR_PROJECT_PROJCONSTRAINTS
IPS,IPS_CDR_PROJECT_PROJEMPCAPACITY
IPS,IPS_CDR_PROJECT_PROJFEETYPE
IPS,IPS_CDR_PROJECT_PROJFILTERGRP
IPS,IPS_CDR_PROJECT_PROJINSPRESULT
IPS,IPS_CDR_PROJECT_PROJINSPRESGRPLINK
IPS,IPS_CDR_PROJECT_PROJINSPTYPECODEVIOLGRP
IPS,IPS_CDR_PROJECT_PROJINSPTYPEGRPLINK
IPS,IPS_CDR_PROJECT_PROJPROBRES
IPS,IPS_CDR_PROJECT_PROJPROCSTATECHKCOND
IPS,IPS_CDR_PROJECT_PROJPROCSTATECHKFEE
IPS,IPS_CDR_PROJECT_PROJPROCSTATECHKINSP
IPS,IPS_CDR_PROJECT_PROJPROCSTATECHKREVIEW
IPS,IPS_CDR_PROJECT_PROJPROCSTATECHECK
IPS,IPS_CDR_PROJECT_PROJSTATUSCODE
IPS,IPS_CDR_PROJECT_PROJREVIEWRESULT
IPS,IPS_CDR_PROJECT_PROJREVRESGRPLINK
IPS,IPS_CDR_PROJECT_PROJREVIEWTYPECODEVIOLGRP
IPS,IPS_CDR_PROJECT_PROJREVTYPEGRPLINK
IPS,IPS_CDR_PROJECT_PROJSTATUSLINK
IPS,IPS_CDR_PROJECT_PROJWORKTYPEGRPLINK
IPS,IPS_WSLCDRPROJ_APPTYPE
IPS,IPS_WSLCDRPROJ_AREA
IPS,IPS_WSLCDRPROJ_ASSESSMENTTYPE
IPS,IPS_WSLCDRPROJ_BILLINGAPPLICANT
IPS,IPS_WSLCDRPROJ_EPAASSESSMENT
IPS,IPS_WSLCDRPROJ_NETWORKSHUTDOWNGD
IPS,IPS_WSLCDRPROJ_NETWORKSHUTDOWNREQUEST
IPS,IPS_WSLCDRPROJ_QUOTEITEM
IPS,IPS_WSLCDRPROJ_WARD
IPS,IPS_WSLCDRPROJ_WASTEWATERCONNTYPE
IPS,IPS_WSLCDRPROJ_XADDRESSDP
IPS,IPS_WSLCDRPROJ_XAPPLICANTDP
IPS,IPS_WSLCDRPROJ_XCDRPROJQUOTEACCEPTDP
IPS,IPS_WSLCDRPROJ_XCOMPRESUBMITAPPDP
IPS,IPS_WSLCDRPROJ_XCOMPRESUBMITAPPGD
IPS,IPS_WSLCDRPROJ_XCONSENTPROPDETAILS
IPS,IPS_WSLCDRPROJ_XPROJAPPCR
IPS,IPS_WSLCDRPROJ_XPROJCOMPDP
IPS,IPS_WSLCDRPROJ_XPROJCOMPINPPRECONDP
IPS,IPS_WSLCDRPROJ_XPROJCOMPQUOTEGD
IPS,IPS_WSLCDRPROJ_XPROJCOMPRVWPRECONDP
IPS,IPS_WSLCDRPROJ_XPROJCOMPSTAKEHOLDERSRV
IPS,IPS_WSLCDRPROJ_XPROJECTREVWCR
IPS,IPS_WSLCDRPROJ_XPROJEPARCLODGEDP
IPS,IPS_WSLCDRPROJ_XPROJEPARVWDP
IPS,IPS_WSLCDRPROJ_XPROJNETCONQUOTEDP
IPS,IPS_WSLCDRPROJ_XPROJNETCONQUOTEGD
IPS,IPS_WSLCDRPROJ_XPROJPRECONDP
IPS,IPS_WSLCDRPROJ_YESNO
IPS,IPS_CDR_AP
IPS,IPS_CDR_APRELATEDLINK
IPS,IPS_CDR_APCUST
IPS,IPS_CDR_APDEPTCODE
IPS,IPS_CDR_BUILDING_BLDGAPL
IPS,IPS_CDR_BUILDING_BLDGAPPLDETAIL
IPS,IPS_CDR_BUILDING_BLDGAPPLDETAILLOG
IPS,IPS_CDR_BUILDING_BLDGAPPLDETAILTYPE
IPS,IPS_CDR_BUILDING_BLDGEMP
IPS,IPS_CDR_BUILDING_BLDGPROCESSSTATE
IPS,IPS_CDR_BUILDING_BLDGAPPLTYPE
IPS,IPS_CDR_BUILDING_BLDGASSOCPROP
IPS,IPS_CDR_BUILDING_BLDGAPPL
IPS,IPS_CDR_BUILDING_BLDGPLANAPPL
IPS,IPS_CDR_BUILDING_BLDGCODEVIOL
IPS,IPS_CDR_BUILDING_BLDGCOND
IPS,IPS_CDR_BUILDING_BLDGCONDTYPE
IPS,IPS_CDR_BUILDING_BLDGINSP
IPS,IPS_CDR_BUILDING_BLDGINSPDETAIL
IPS,IPS_CDR_BUILDING_BLDGINSPDETAILLOG
IPS,IPS_CDR_BUILDING_BLDGINSPDETAILTYPE
IPS,IPS_CDR_BUILDING_BLDGINSPTYPE
IPS,IPS_CDR_BUILDING_BLDGLOG
IPS,IPS_CDR_BUILDING_BLDGLOGTYPE
IPS,IPS_CDR_BUILDING_BLDGOCCUPANCYTYPE
IPS,IPS_CDR_BUILDING_BLDGPARENTCHILD
IPS,IPS_CDR_BUILDING_BLDGPLCOND
IPS,IPS_CDR_BUILDING_BLDGPRIORITY
IPS,IPS_CDR_BUILDING_BLDGREVIEW
IPS,IPS_CDR_BUILDING_BLDGREVIEWDETAIL
IPS,IPS_CDR_BUILDING_BLDGREVIEWDETAILLOG
IPS,IPS_CDR_BUILDING_BLDGREVIEWDETAILTYPE
IPS,IPS_CDR_BUILDING_BLDGREVIEWPROB
IPS,IPS_CDR_BUILDING_BLDGREVIEWTYPE
IPS,IPS_CDR_BUILDING_BLDGSTATUSLOG
IPS,IPS_CDR_BUILDING_BLDGWORKTYPE
IPS,IPS_CDR_APFEE
IPS,IPS_CDR_FEETYPE
IPS,IPS_CDR_FEETYPEVERSION
IPS,IPS_CDR_CODEENFORCEMENT_CASELOGTYPE
IPS,IPS_CDR_BUSINESSLICENSE_LICLOGTYPE
IPS,IPS_CDR_PLANNING_PLANAPL
IPS,IPS_CDR_PLANNING_PLANAPPLDETAIL
IPS,IPS_CDR_PLANNING_PLANAPPLDETAILLOG
IPS,IPS_CDR_PLANNING_PLANAPPLDETAILTYPE
IPS,IPS_CDR_PLANNING_PLANEMP
IPS,IPS_CDR_PLANNING_PLANAPPLTYPE
IPS,IPS_CDR_PLANNING_PLANASSOCPROP
IPS,IPS_CDR_PLANNING_PLANLOG
IPS,IPS_CDR_PLANNING_PLANLOGTYPE
IPS,IPS_CDR_PLANNING_PLANOCCUPANCYTYPE
IPS,IPS_CDR_PLANNING_PLANPARENTCHILD
IPS,IPS_CDR_PLANNING_PLANAPPL
IPS,IPS_CDR_PLANNING_PLANPLCOND
IPS,IPS_CDR_PLANNING_PLANPLCONDLOG
IPS,IPS_CDR_PLANNING_PLANPLCONDSTATUS
IPS,IPS_CDR_PLANNING_PLANPROJAPPL
IPS,IPS_CDR_PLANNING_PLANREVIEW
IPS,IPS_CDR_PLANNING_PLANREVIEWTYPE
IPS,IPS_CDR_PLANNING_PLANSTATUSLOG
IPS,IPS_CDR_PROJECT_PROJAPL
IPS,IPS_CDR_PROJECT_PROJAPPLDETAIL
IPS,IPS_CDR_PROJECT_PROJAPPLDETAILLOG
IPS,IPS_CDR_PROJECT_PROJAPPLDETAILTYPE
IPS,IPS_CDR_PROJECT_PROJEMP
IPS,IPS_CDR_PROJECT_PROJPROCESSSTATE
IPS,IPS_CDR_PROJECT_PROJAPPLTYPE
IPS,IPS_CDR_PROJECT_PROJASSOCPROP
IPS,IPS_CDR_PROJECT_PROJCODEVIOL
IPS,IPS_CDR_PROJECT_PROJCOND
IPS,IPS_CDR_PROJECT_PROJCONDTYPE
IPS,IPS_CDR_PROJECT_PROJINSP
IPS,IPS_CDR_PROJECT_PROJFAILED
IPS,IPS_CDR_PROJECT_PROJINSPDETAIL
IPS,IPS_CDR_PROJECT_PROJINSPDETAILLOG
IPS,IPS_CDR_PROJECT_PROJINSPDETAILTYPE
IPS,IPS_CDR_PROJECT_PROJINSPTYPE
IPS,IPS_CDR_PROJECT_PROJLOG
IPS,IPS_CDR_PROJECT_PROJLOGTYPE
IPS,IPS_CDR_PROJECT_PROJOCCUPANCYTYPE
IPS,IPS_CDR_PROJECT_PROJPARENTCHILD
IPS,IPS_CDR_PROJECT_PROJAPPL
IPS,IPS_CDR_PROJECT_PROJBLDGAPPL
IPS,IPS_CDR_PROJECT_PROJREVIEW
IPS,IPS_CDR_PROJECT_PROJREVIEWDETAIL
IPS,IPS_CDR_PROJECT_PROJREVIEWDETAILLOG
IPS,IPS_CDR_PROJECT_PROJREVIEWDETAILTYPE
IPS,IPS_CDR_PROJECT_PROJREVIEWPROB
IPS,IPS_CDR_PROJECT_PROJREVIEWTYPE
IPS,IPS_CDR_PROJECT_PROJSTATUSLOG
IPS,IPS_CDR_PROJECT_PROJWORKTYPE
IPS,IPS_CDR_TRADELICENSE_TRADELOGTYPE
IPS,IPS_CDR_USE_USELOGTYPE
IPS,IPS_WSLCRM_XBILLINGDATADP
IPS,IPS_CRM_CRMREQTYPGRP
IPS,IPS_CRM_CRMRESOLUTION
IPS,IPS_CRM_CRMRESPONSIBILITY
IPS,IPS_CRM_CRMSOURCE
IPS,IPS_CRM_CUSTCALL
IPS,IPS_CRM_DETAILPAGE
IPS,IPS_CRM_REQTYPCAT
IPS,IPS_CRM_CUSTPROB
IPS,IPS_CRM_PROBDEFN
IPS,IPS_CRM_SRTDETAILPAGE
IPS,IPS_CRM_PROBDEFNGLOBAL
IPS,IPS_WSLCOMPLAINTS_COMPLAINTDETAILS
IPS,IPS_WSLCRM_XACCOUNTAUDITDP
IPS,IPS_WSLCRM_XACCOUNTAUDITGD
IPS,IPS_WSLCRM_XACTIVITYAUDITDP
IPS,IPS_WSLCRM_XACTIVITYAUDITGD
IPS,IPS_WSLCRM_XBILLINGDATAAUDITGD
IPS,IPS_WSLCRM_XCDRCOMPLIANCE
IPS,IPS_WSLCRM_XMETERREVIEWDP
IPS,IPS_WSLCRM_XMETERREVIEWGD
IPS,IPS_WSLCRM_XPLANNEDAUDITGD
IPS,IPS_WSLCRM_XREADINGREVIEWSRDETAILS
IPS,IPS_WSLCRM_XRETAILAUDITDP
IPS,IPS_WSLCRM_XRETAILAUDITGD
IPS,IPS_WSLCRM_xSRTYPEEXT
IPS,IPS_WSLCRM_XTANKERINFODP
IPS,IPS_WSLCRM_XTANKERINFOGD
IPS,IPS_WSLCRM_XUNPLANNEDAUDITGD
IPS,IPS_WSLSERVICEREQUEST_XFAULTBILLINGAUTOSR
IPS,IPS_WSLSERVICEREQUEST_XFAULTDESCDP
IPS,IPS_WSLSERVICEREQUEST_XONEOFFCHARGEDP
IPS,IPS_WSLSERVICEREQUEST_XSRSTATUSDETAILS
IPS,IPS_WSLSERVICEREQUESTCODES_ONEOFFCHARGESCODE
IPS,IPS_WSLSERVICEREQUESTCODES_SRPRIORITYCAL
IPS,IPS_WSLSERVICEREQUESTCODES_SRSTATUS
IPS,IPS_WSLVOC_VOCDETAILS
IPS,IPS_CRM_CRMLOGTYPE
IPS,IPS_CRM_CUSTLOG
IPS,IPS_CRM_CUSTCALL
IPS,IPS_CRM_CUSTPROB
IPS,IPS_CRM_CUSTLOG
IPS,IPS_CRM_CRMLOGTYPE
IPS,IPS_CRM_CRMPRIORITY
IPS,IPS_CRM_CRMPROJECT
IPS,IPS_CRM_CRMREQTYPGRP
IPS,IPS_CRM_CRMRESOLUTION
IPS,IPS_CRM_CRMRESPONSIBILITY
IPS,IPS_CRM_CRMSOURCE
IPS,IPS_CRM_REQTYPCAT
IPS,IPS_CRM_PROBDEFN
IPS,IPS_PORTAL_FEATURE
IPS,IPS_PORTAL_GLOBALTYPESETUP
IPS,IPS_PORTAL_GLOBALTYPESETUPFIELDS
IPS,IPS_PORTAL_INSTRUMENT
IPS,IPS_PORTAL_INVITATION
IPS,IPS_PORTAL_MEMBERSHIP
IPS,IPS_PORTAL_MEMBERSHIPLOG
IPS,IPS_PORTAL_MEMBERSHIPPASSHIST
IPS,IPS_PORTAL_MEMBERSHIPSINROLES
IPS,IPS_PORTAL_PERMISSIONSINROLES
IPS,IPS_PORTAL_PROFILE
IPS,IPS_PORTAL_PROFILEPERMISSION
IPS,IPS_PORTAL_ROLE
IPS,IPS_PORTAL_SCENARIO
IPS,IPS_BILLING_JOURNALRUN
IPS,IPS_RESOURCES_BUDGETNUMBER
IPS,IPS_RESOURCES_BUDGETNUMBERSEGMENT1
IPS,IPS_RESOURCES_JOURNAL
IPS,IPS_RESOURCES_JOURNALSUMMARY
IPS,IPS_WSLBILLING_GLMAPPING
IPS,IPS_PROPERTY_ADDRESSOPTIONAL
IPS,IPS_PROPERTY_ADDRESSSTATUS
IPS,IPS_PROPERTY_DIRECTION
IPS,IPS_PROPERTY_INOUTSERVICEAREA
IPS,IPS_PROPERTY_ADDRSTNZ
IPS,IPS_PROPERTY_STREETSUFFIX
IPS,IPS_PROPERTY_STTYPE
IPS,IPS_PROPERTY_SUBDIVISION
IPS,IPS_RESOURCES_RATETABLE_CALCULATIONDETAIL
IPS,IPS_RESOURCES_RATETABLE_CALCULATIONTABLE
IPS,IPS_RESOURCES_RATETABLE_RATECODE
IPS,IPS_RESOURCES_RATETABLE_RATECODECATEGORY
IPS,IPS_RESOURCES_RATETABLE_RATETABLEDETAIL
IPS,IPS_RESOURCES_RATETABLE_RATETBL
IPS,IPS_RESOURCES_ALERTDEFN
IPS,IPS_RESOURCES_RESAVAIL
IPS,IPS_RESOURCES_BUDGETSEGMENTDEF
IPS,IPS_RESOURCES_CONTACTCOMMUNICATION
IPS,IPS_RESOURCES_CONTACTCOMMUNICATIONBODY
IPS,IPS_RESOURCES_CONTACTTYPE
IPS,IPS_RESOURCES_CREDITHISTORY
IPS,IPS_RESOURCES_CREDITRATINGLEVEL
IPS,IPS_RESOURCES_CREDITRATINGPOINTS
IPS,IPS_RESOURCES_CREDITRATINGSETUP
IPS,IPS_RESOURCES_DBANAME
IPS,IPS_RESOURCES_EMPDEPT
IPS,IPS_RESOURCES_EMAILTEMPLATE
IPS,IPS_RESOURCES_EMAILTEMPLATELOCALE
IPS,IPS_RESOURCES_EMPLOYEE
IPS,IPS_RESOURCES_EMPRATEHIST
IPS,IPS_RESOURCES_FISCALYEAR
IPS,IPS_RESOURCES_HOLIDAY
IPS,IPS_RESOURCES_IDENTITYALERT
IPS,IPS_RESOURCES_IDENTBANK
IPS,IPS_RESOURCES_IDENTBANKHISTORY
IPS,IPS_RESOURCES_IDENTITYRELATIONSHIP
IPS,IPS_RESOURCES_IDENTITYRELATIONSHIPTYPE
IPS,IPS_RESOURCES_LANGUAGE
IPS,IPS_RESOURCES_MFG
IPS,IPS_RESOURCES_MISCELLANEOUSPAYMENTTYPE
IPS,IPS_RESOURCES_NOTIFICATION
IPS,IPS_RESOURCES_NOTIFICATIONMETHOD
IPS,IPS_RESOURCES_NOTIFICATIONREASON
IPS,IPS_RESOURCES_NOTIFICATIONTYPE
IPS,IPS_RESOURCES_EMPQUAL
IPS,IPS_RESOURCES_EMPQUALTYPE
IPS,IPS_RESOURCES_EMPSECTION
IPS,IPS_RESOURCES_SECURITYQUESTION
IPS,IPS_RESOURCES_TIMESCHEDULE
IPS,IPS_WSLCUSTOMER_XCONTACTCR
IPS,IPS_WSLRESOURCES_CONNECTIONTYPECODES
IPS,IPS_WSLRESOURCES_EMPLOYEEROLE
IPS,IPS_WSLRESOURCES_XADDRESSGIS
IPS,IPS_WSLRESOURCES_XEMPLOYEECR
IPS,IPS_PROPERTY_ADDRESS
IPS,IPS_RESOURCES_ACCOUNTINGPERIOD
IPS,IPS_RESOURCES_BUDGETNUMBER
IPS,IPS_RESOURCES_CONTACT
IPS,IPS_RESOURCES_CNTCTID
IPS,IPS_RESOURCES_EMPLOYEE
IPS,IPS_RESOURCES_JOURNAL
IPS,IPS_ASSETMANAGEMENT_COMP
IPS,IPS_ASSETMANAGEMENT_COMPTYPE
IPS,IPS_WORKMANAGEMENT_ACTWFCAT
IPS,IPS_WORKMANAGEMENT_COSTXTRA
IPS,IPS_WORKMANAGEMENT_HISTORY
IPS,IPS_WORKMANAGEMENT_ACTDEFN
IPS,IPS_WORKMANAGEMENT_EXTRAITEM
LN,LN_BPMDM001
LN,LN_QMCPL002
LN,LN_QMCPL100
LN,LN_QMNCM001
LN,LN_QMNCM002
LN,LN_QMNCM004
LN,LN_QMNCM006
LN,LN_QMNCM007
LN,LN_QMNCM100
LN,LN_QMPQM020
LN,LN_QMPQM021
LN,LN_QMPQM022
LN,LN_QMPQM024
LN,LN_QMPQM200
LN,LN_QMPQM201
LN,LN_QMPQM204
LN,LN_QMPTC001
LN,LN_QMPTC002
LN,LN_QMPTC008
LN,LN_QMPTC024
LN,LN_QMPTC100
LN,LN_QMPTC101
LN,LN_QMPTC112
LN,LN_QMPTC115
LN,LN_QMPTC120
LN,LN_QMPTC220
LN,LN_TCCCP060
LN,LN_TCCCP070
LN,LN_TCCOM000
LN,LN_TCCOM001
LN,LN_TCCOM100
LN,LN_TCCOM101
LN,LN_TCCOM110
LN,LN_TCCOM111
LN,LN_TCCOM112
LN,LN_TCCOM114
LN,LN_TCCOM120
LN,LN_TCCOM121
LN,LN_TCCOM122
LN,LN_TCCOM124
LN,LN_TCCOM130
LN,LN_TCCOM139
LN,LN_TCCOM161
LN,LN_TCEMM030
LN,LN_TCEMM050
LN,LN_TCEMM100
LN,LN_TCEMM135
LN,LN_TCEMM170
LN,LN_TCGEN000
LN,LN_TCIBD001
LN,LN_TCIBD301
LN,LN_TCLCT020
LN,LN_TCMCS000
LN,LN_TCMCS001
LN,LN_TCMCS002
LN,LN_TCMCS003
LN,LN_TCMCS005
LN,LN_TCMCS010
LN,LN_TCMCS013
LN,LN_TCMCS015
LN,LN_TCMCS023
LN,LN_TCMCS024
LN,LN_TCMCS028
LN,LN_TCMCS029
LN,LN_TCMCS031
LN,LN_TCMCS041
LN,LN_TCMCS044
LN,LN_TCMCS045
LN,LN_TCMCS048
LN,LN_TCMCS052
LN,LN_TCMCS060
LN,LN_TCMCS061
LN,LN_TCMCS062
LN,LN_TCMCS064
LN,LN_TCMCS065
LN,LN_TCMCS066
LN,LN_TCMCS080
LN,LN_TCMCS122
LN,LN_TCMCS124
LN,LN_TCMCS125
LN,LN_TCMCS127
LN,LN_TCMCS143
LN,LN_TCMCS145
LN,LN_TCPPL040
LN,LN_TCPPL090
LN,LN_TDCMS050
LN,LN_TDIPU001
LN,LN_TDISA001
LN,LN_TDPUR012
LN,LN_TDPUR094
LN,LN_TDPUR100
LN,LN_TDPUR101
LN,LN_TDPUR105
LN,LN_TDPUR106
LN,LN_TDPUR200
LN,LN_TDPUR201
LN,LN_TDPUR300
LN,LN_TDPUR301
LN,LN_TDPUR303
LN,LN_TDPUR400
LN,LN_TDPUR401
LN,LN_TDPUR406
LN,LN_TDPUR411
LN,LN_TDPUR430
LN,LN_TDPUR456
LN,LN_TDSLS094
LN,LN_TDSLS300
LN,LN_TDSLS301
LN,LN_TDSLS307
LN,LN_TDSLS311
LN,LN_TDSLS400
LN,LN_TDSLS401
LN,LN_TDSMI003
LN,LN_TDSMI007
LN,LN_TDSMI008
LN,LN_TDSMI110
LN,LN_TDSMI113
LN,LN_TFACP001
LN,LN_TFACP200
LN,LN_TFACP240
LN,LN_TFACP245
LN,LN_TFACP251
LN,LN_TFACP256
LN,LN_TFACP260
LN,LN_TFACP270
LN,LN_TFACP600
LN,LN_TFACR001
LN,LN_TFFAM100
LN,LN_TFFAM110
LN,LN_TFFAM120
LN,LN_TFFAM200
LN,LN_TFFAM400
LN,LN_TFFAM500
LN,LN_TFFAM510
LN,LN_TFFAM600
LN,LN_TFFAM650
LN,LN_TFFAM700
LN,LN_TFFAM710
LN,LN_TFFAM800
LN,LN_TFFAM805
LN,LN_TFFAM807
LN,LN_TFFAM808
LN,LN_TFFAM810
LN,LN_TFFAM820
LN,LN_TFFAM830
LN,LN_TFFAM840
LN,LN_TFFBS001
LN,LN_TFFBS003
LN,LN_TFFBS005
LN,LN_TFFBS100
LN,LN_TFFBS101
LN,LN_TFGLD003
LN,LN_TFGLD004
LN,LN_TFGLD005
LN,LN_TFGLD006
LN,LN_TFGLD007
LN,LN_TFGLD008
LN,LN_TFGLD010
LN,LN_TFGLD106
LN,LN_TFGLD170
LN,LN_TFGLD171
LN,LN_TFGLD172
LN,LN_TFGLD201
LN,LN_TFGLD202
LN,LN_TFGLD203
LN,LN_TFGLD204
LN,LN_TFGLD205
LN,LN_TFGLD206
LN,LN_TFGLD482
LN,LN_TFGLD495
LN,LN_TICPR050
LN,LN_TICST001
LN,LN_TICST002
LN,LN_TICST010
LN,LN_TIIPD001
LN,LN_TIPCF500
LN,LN_TIPCS020
LN,LN_TIPCS030
LN,LN_TIROU001
LN,LN_TIROU002
LN,LN_TIROU003
LN,LN_TIROU101
LN,LN_TISFC001
LN,LN_TISFC010
LN,LN_TPCTM010
LN,LN_TPCTM060
LN,LN_TPCTM100
LN,LN_TPCTM110
LN,LN_TPPDM000
LN,LN_TPPDM001
LN,LN_TPPDM002
LN,LN_TPPDM005
LN,LN_TPPDM007
LN,LN_TPPDM010
LN,LN_TPPDM015
LN,LN_TPPDM016
LN,LN_TPPDM025
LN,LN_TPPDM035
LN,LN_TPPDM040
LN,LN_TPPDM042
LN,LN_TPPDM043
LN,LN_TPPDM045
LN,LN_TPPDM046
LN,LN_TPPDM048
LN,LN_TPPDM055
LN,LN_TPPDM059
LN,LN_TPPDM063
LN,LN_TPPDM065
LN,LN_TPPDM075
LN,LN_TPPDM085
LN,LN_TPPDM095
LN,LN_TPPDM096
LN,LN_TPPDM110
LN,LN_TPPDM600
LN,LN_TPPDM601
LN,LN_TPPDM605
LN,LN_TPPDM615
LN,LN_TPPDM625
LN,LN_TPPDM635
LN,LN_TPPDM640
LN,LN_TPPDM643
LN,LN_TPPDM646
LN,LN_TPPDM649
LN,LN_TPPDM700
LN,LN_TPPDM790
LN,LN_TPPDM801
LN,LN_TPPIN010
LN,LN_TPPIN011
LN,LN_TPPIN020
LN,LN_TPPIN040
LN,LN_TPPIN050
LN,LN_TPPIN060
LN,LN_TPPIN080
LN,LN_TPPPC000
LN,LN_TPPPC160
LN,LN_TPPPC200
LN,LN_TPPPC205
LN,LN_TPPPC211
LN,LN_TPPPC216
LN,LN_TPPPC231
LN,LN_TPPPC232
LN,LN_TPPPC236
LN,LN_TPPPC250
LN,LN_TPPPC251
LN,LN_TPPPC256
LN,LN_TPPPC271
LN,LN_TPPPC276
LN,LN_TPPPC291
LN,LN_TPPPC296
LN,LN_TPPPC301
LN,LN_TPPPC305
LN,LN_TPPPC350
LN,LN_TPPPC400
LN,LN_TPPPC401
LN,LN_TPPPC402
LN,LN_TPPPC410
LN,LN_TPPPC411
LN,LN_TPPPC413
LN,LN_TPPPC414
LN,LN_TPPPC420
LN,LN_TPPPC440
LN,LN_TPPPC441
LN,LN_TPPPC442
LN,LN_TPPPC450
LN,LN_TPPPC451
LN,LN_TPPPC453
LN,LN_TPPPC454
LN,LN_TPPPC470
LN,LN_TPPPC600
LN,LN_TPPPC606
LN,LN_TPPSS010
LN,LN_TPPSS020
LN,LN_TPPSS200
LN,LN_TPPSS202
LN,LN_TPPSS210
LN,LN_TPPSS220
LN,LN_TPPSS600
LN,LN_TPPTC050
LN,LN_TPPTC100
LN,LN_TPPTC101
LN,LN_TPPTC120
LN,LN_TPPTC127
LN,LN_TPPTC130
LN,LN_TPPTC137
LN,LN_TPPTC140
LN,LN_TPPTC147
LN,LN_TPPTC150
LN,LN_TPPTC157
LN,LN_TPPTC160
LN,LN_TPPTC220
LN,LN_TPPTC230
LN,LN_TPPTC240
LN,LN_TPPTC250
LN,LN_TPPTC300
LN,LN_TPPTC311
LN,LN_TPPTC315
LN,LN_TPPTC316
LN,LN_TPPTC350
LN,LN_TPPTC351
LN,LN_TPPTC352
LN,LN_TPPTC353
LN,LN_TPPTC354
LN,LN_TPPTC510
LN,LN_TSBSC100
LN,LN_TSCFG200
LN,LN_TSCLM100
LN,LN_TSCLM330
LN,LN_TSCLM335
LN,LN_TSCLM350
LN,LN_TSCTM110
LN,LN_TSCTM111
LN,LN_TSCTM120
LN,LN_TSCTM130
LN,LN_TSCTM131
LN,LN_TSCTM132
LN,LN_TSCTM135
LN,LN_TSCTM136
LN,LN_TSCTM139
LN,LN_TSCTM200
LN,LN_TSCTM300
LN,LN_TSCTM320
LN,LN_TSCTM400
LN,LN_TSCTM450
LN,LN_TSCTM460
LN,LN_TSCTM480
LN,LN_TSCTM500
LN,LN_TSCTM501
LN,LN_TSMDM000
LN,LN_TSMDM015
LN,LN_TSMDM100
LN,LN_TSMDM105
LN,LN_TSMDM140
LN,LN_TSMDM145
LN,LN_TSSOC200
LN,LN_TSSOC205
LN,LN_TSSOC210
LN,LN_TTAAD111
LN,LN_TTAAD200
LN,LN_TTAAD420
LN,LN_TTAMS460
LN,LN_TTDPM510
LN,LN_TTDPM515
LN,LN_TTDPM530
LN,LN_TTTXT010
LN,LN_TXPDM901
LN,LN_TXPDM902
LN,LN_TXPDM904
LN,LN_TXPDM905
LN,LN_TXPDM907
LN,LN_TXPDM908
LN,LN_WHINA112
LN,LN_WHINA113
LN,LN_WHINA114
LN,LN_WHINA115
LN,LN_WHINA116
LN,LN_WHINA117
LN,LN_WHINA118
LN,LN_WHINA122
LN,LN_WHINA123
LN,LN_WHINA124
LN,LN_WHINA126
LN,LN_WHINA127
LN,LN_WHINH200
LN,LN_WHINH210
LN,LN_WHINH220
LN,LN_WHINH310
LN,LN_WHINH312
LN,LN_WHINH430
LN,LN_WHINH431
LN,LN_WHINH435
LN,LN_WHINH439
LN,LN_WHINH440
LN,LN_WHINH500
LN,LN_WHINH501
LN,LN_WHINH520
LN,LN_WHINH521
LN,LN_WHINH540
LN,LN_WHINH600
LN,LN_WHWMD200
LN,LN_WHWMD300